{
    "appId": "application-0-edexjtz",
    "appUrl": "https://services.cloud.mongodb.com/groups/663bf82d46957f7e19178e2a/apps/663fc6f2a40e715411bdbf35",
    "baseUrl": "https://services.cloud.mongodb.com",
    "clientApiBaseUrl": "https://southeastasia.azure.services.cloud.mongodb.com",
    "dataApiBaseUrl": "https://southeastasia.azure.data.mongodb-api.com",
    "dataExplorerLink": "https://cloud.mongodb.com/links/663bf82d46957f7e19178e2a/explorer/Cluster0/database/collection/find",
    "dataSourceName": "mongodb-atlas"
}
